dataset,method,difficulty_type,macro_f1,evidence_f1,unsupported_claim_rate,false_compliance_rate,abstention_rate,over_conservatism_rate,false_non_compliance_rate,risk_weighted_error,num_cases,f1_fulfilled,f1_partially_fulfilled,f1_not_fulfilled,f1_unclear,macro_f1_present_labels,source_attribution_failure_rate,unsafe_evidence_acceptance_rate,residual_attack_risk_score
original_synthetic_v04,metadata_aware,German_English_mixed,0.3512207860033947,0.40869352869352865,0.0,0.06153846153846154,0.45384615384615384,1.0,0.0,0.6461538461538462,130,0.0,0.34782608695652173,0.4444444444444445,0.6126126126126126,0.3512207860033947,0.26153846153846155,0.26153846153846155,0.26153846153846155
original_synthetic_v04,metadata_aware,contradictory_documents,0.19491525423728814,0.7602843915343915,0.0,0.2638888888888889,0.6388888888888888,0.0,0.0,0.5972222222222222,72,0.0,0.0,0.0,0.7796610169491525,0.7796610169491525,0.3472222222222222,0.3472222222222222,0.4166666666666667
original_synthetic_v04,metadata_aware,distractor_heavy,0.4306917211328976,0.595906432748538,0.0,0.2736842105263158,0.07894736842105263,0.06451612903225806,0.4032258064516129,1.2328947368421053,190,0.4999999999999999,0.35294117647058826,0.5735294117647057,0.2962962962962963,0.43069172113289755,0.5842105263157895,0.6052631578947368,0.790526315789474
original_synthetic_v04,metadata_aware,draft_policy_trap,0.44413793103448274,0.7385506115014312,0.0,0.0,0.27049180327868855,0.0,0.0,0.19672131147540983,122,0.0,0.896551724137931,0.0,0.88,0.8882758620689655,0.639344262295082,0.9262295081967213,0.7971311475409831
original_synthetic_v04,metadata_aware,future_tense_trap,0.17857142857142858,0.6884259259259259,0.0,0.0,0.5555555555555556,0.0,0.0,0.4444444444444444,72,0.0,0.0,0.0,0.7142857142857143,0.7142857142857143,0.7916666666666666,0.7916666666666666,0.7916666666666666
original_synthetic_v04,metadata_aware,multi_document_required,0.3890944526042255,0.9046296296296297,0.0,0.13333333333333333,0.03333333333333333,0.31521739130434784,0.0,0.6916666666666667,120,0.7544910179640718,0.3018867924528301,0.0,0.5,0.3890944526042255,0.06666666666666667,0.1,0.185
original_synthetic_v04,metadata_aware,near_miss_keyword_overlap,0.12264150943396226,0.46333333333333326,0.0,0.675,0.2875,0.0,0.0,0.990625,80,0.0,0.0,0.4905660377358491,0.0,0.4905660377358491,0.8125,0.8125,0.8125
original_synthetic_v04,metadata_aware,negation_trap,0.25,0.6829166666666666,0.0,0.0,0.0,0.0,0.0,0.0,80,0.0,0.0,1.0,0.0,1.0,0.8125,0.8125,0.8125
original_synthetic_v04,metadata_aware,outdated_evidence,0.3478710821998817,0.6336520947176685,0.0,0.1721311475409836,0.12295081967213115,0.0,0.0,0.3319672131147541,122,0.0,0.8651685393258427,0.0,0.5263157894736842,0.6957421643997634,0.6065573770491803,0.6065573770491803,0.6065573770491803
original_synthetic_v04,metadata_aware,paraphrase_stress_v04,0.6666666666666666,0.7898571428571428,0.0,0.0,0.25,1.0,0.0,0.25,200,0.0,0.6666666666666666,1.0,1.0,0.6666666666666666,0.0,0.0,0.0
original_synthetic_v04,metadata_aware,paraphrased_evidence,0.2740231712857792,0.6812345679012346,0.0,0.08888888888888889,0.044444444444444446,0.6290322580645161,0.3709677419354839,1.0777777777777777,90,0.0,0.33802816901408456,0.25806451612903225,0.5,0.2740231712857792,0.36666666666666664,0.4111111111111111,0.39111111111111113
original_synthetic_v04,metadata_aware,partial_missing_supplier_escalation,0.24193548387096775,0.7588789682539683,0.0,0.0,0.0,0.0,0.0,0.0625,80,0.0,0.967741935483871,0.0,0.0,0.967741935483871,0.5,0.5,0.5
original_synthetic_v04,metadata_aware,partial_missing_test,0.09183673469387756,0.7433531746031746,0.0,0.6875,0.0,0.0,0.0,2.8375,80,0.0,0.36734693877551017,0.0,0.0,0.36734693877551017,0.6,0.6,1.2875
original_synthetic_v04,metadata_aware,simple_negative,0.18354430379746836,0.3546666666666667,0.0,0.42,0.42,0.0,0.0,0.315,50,0.0,0.0,0.7341772151898733,0.0,0.7341772151898733,0.66,0.66,0.66
original_synthetic_v04,metadata_aware,simple_positive,0.35467730558984306,0.8728395061728396,0.0,0.17777777777777778,0.044444444444444446,0.46774193548387094,0.0,0.9222222222222223,90,0.6168224299065419,0.3018867924528301,0.0,0.5,0.354677305589843,0.08888888888888889,0.13333333333333333,0.24666666666666665
original_synthetic_v04,metadata_aware,source_confusion,0.28978696741854637,0.30846994535519123,0.0,0.14754098360655737,0.2786885245901639,0.0,0.0,0.3237704918032787,122,0.0,0.0,0.7380952380952381,0.42105263157894735,0.5795739348370927,0.8770491803278688,0.8770491803278688,0.8770491803278688
original_synthetic_v04,provenance_balanced,German_English_mixed,0.26521867612293143,0.6907448107448108,0.0,0.06153846153846154,0.15384615384615385,1.0,0.0,0.7538461538461538,130,0.0,0.2553191489361702,0.25,0.5555555555555556,0.26521867612293143,0.0,0.0,0.0
original_synthetic_v04,provenance_balanced,contradictory_documents,0.11290322580645161,0.8645833333333334,0.0,0.06944444444444445,0.2916666666666667,0.0,0.0,0.8472222222222222,72,0.0,0.0,0.0,0.45161290322580644,0.45161290322580644,0.0,0.0,0.06944444444444445
original_synthetic_v04,provenance_balanced,distractor_heavy,0.3188638369573939,0.6549206349206349,0.0,0.19473684210526315,0.21578947368421053,0.46774193548387094,0.0,0.6934210526315789,190,0.6407766990291263,0.1553398058252427,0.47933884297520657,0.0,0.3188638369573939,0.0,0.0,0.042105263157894736
original_synthetic_v04,provenance_balanced,draft_policy_trap,0.39636425416241927,0.5081967213114754,0.0,0.0,0.5491803278688525,0.0,0.0,0.15368852459016394,122,0.0,0.8148148148148148,0.0,0.7706422018348624,0.7927285083248385,0.0,0.0,0.0
original_synthetic_v04,provenance_balanced,future_tense_trap,0.25,0.0,0.0,0.0,1.0,0.0,0.0,0.0,72,0.0,0.0,0.0,1.0,1.0,0.0,0.0,0.0
original_synthetic_v04,provenance_balanced,multi_document_required,0.5435663627152989,0.9719576719576719,0.0,0.1,0.0,0.043478260869565216,0.0,0.35,120,0.9361702127659574,0.5714285714285715,0.6666666666666666,0.0,0.5435663627152989,0.0,0.0,0.06666666666666667
original_synthetic_v04,provenance_balanced,near_miss_keyword_overlap,0.25,1.0,0.0,0.0,0.0,0.0,0.0,0.0,80,0.0,0.0,1.0,0.0,1.0,0.0,0.0,0.0
original_synthetic_v04,provenance_balanced,negation_trap,0.25,1.0,0.0,0.0,0.0,0.0,0.0,0.0,80,0.0,0.0,1.0,0.0,1.0,0.0,0.0,0.0
original_synthetic_v04,provenance_balanced,outdated_evidence,0.22099447513812154,0.7646370023419203,0.0,0.1721311475409836,0.0,0.0,0.0,0.430327868852459,122,0.0,0.8839779005524863,0.0,0.0,0.44198895027624313,0.0,0.0,0.0
original_synthetic_v04,provenance_balanced,paraphrase_stress_v04,0.4523809523809524,0.8686666666666666,0.0,0.25,0.25,0.32,0.0,0.6425,200,0.8095238095238095,0.0,1.0,0.0,0.4523809523809524,0.0,0.0,0.0
original_synthetic_v04,provenance_balanced,paraphrased_evidence,0.40233253953715575,0.7959435626102292,0.0,0.13333333333333333,0.0,0.46774193548387094,0.0,0.7444444444444445,90,0.6407766990291263,0.3018867924528301,0.6666666666666666,0.0,0.40233253953715575,0.0,0.0,0.08888888888888889
original_synthetic_v04,provenance_balanced,partial_missing_supplier_escalation,0.08762886597938144,0.8892857142857142,0.0,0.1,0.0,0.0,0.0,1.0875,80,0.0,0.3505154639175258,0.0,0.0,0.3505154639175258,0.0,0.0,0.1
original_synthetic_v04,provenance_balanced,partial_missing_test,0.0,0.8767857142857143,0.0,0.0,0.3125,0.0,0.0,0.921875,80,0.0,0.0,0.0,0.0,0.0,0.0,0.0,0.0
original_synthetic_v04,provenance_balanced,simple_negative,0.25,1.0,0.0,0.0,0.0,0.0,0.0,0.0,50,0.0,0.0,1.0,0.0,1.0,0.0,0.0,0.0
original_synthetic_v04,provenance_balanced,simple_positive,0.5360863095238095,0.9626102292768959,0.0,0.13333333333333333,0.0,0.06451612903225806,0.0,0.4666666666666667,90,0.90625,0.5714285714285715,0.6666666666666666,0.0,0.5360863095238095,0.0,0.0,0.08888888888888889
original_synthetic_v04,provenance_balanced,source_confusion,0.19801980198019803,1.0,0.0,0.0,0.0,0.0,0.0,0.3442622950819672,122,0.0,0.0,0.7920792079207921,0.0,0.39603960396039606,0.0,0.0,0.0
original_synthetic_v04,provenance_conservative,German_English_mixed,0.18933083856430066,0.6907448107448108,0.0,0.06153846153846154,0.43846153846153846,1.0,0.0,0.8,130,0.0,0.14035087719298245,0.25,0.3669724770642202,0.18933083856430066,0.0,0.0,0.0
original_synthetic_v04,provenance_conservative,contradictory_documents,0.1326530612244898,0.8645833333333334,0.0,0.0,0.3611111111111111,0.0,0.0,0.6388888888888888,72,0.0,0.0,0.0,0.5306122448979591,0.5306122448979591,0.0,0.0,0.0
original_synthetic_v04,provenance_conservative,distractor_heavy,0.13558274223986466,0.6549206349206349,0.0,0.15263157894736842,0.6052631578947368,1.0,0.0,0.7671052631578947,190,0.0,0.0,0.47933884297520657,0.06299212598425197,0.13558274223986463,0.0,0.0,0.0
original_synthetic_v04,provenance_conservative,draft_policy_trap,0.39636425416241927,0.5081967213114754,0.0,0.0,0.5491803278688525,0.0,0.0,0.15368852459016394,122,0.0,0.8148148148148148,0.0,0.7706422018348624,0.7927285083248385,0.0,0.0,0.0
original_synthetic_v04,provenance_conservative,future_tense_trap,0.25,0.0,0.0,0.0,1.0,0.0,0.0,0.0,72,0.0,0.0,0.0,1.0,1.0,0.0,0.0,0.0
original_synthetic_v04,provenance_conservative,multi_document_required,0.4547803617571059,0.9719576719576719,0.0,0.03333333333333333,0.2,0.13043478260869565,0.0,0.25833333333333336,120,0.9302325581395349,0.0,0.6666666666666666,0.2222222222222222,0.4547803617571059,0.0,0.0,0.0
original_synthetic_v04,provenance_conservative,near_miss_keyword_overlap,0.25,1.0,0.0,0.0,0.0,0.0,0.0,0.0,80,0.0,0.0,1.0,0.0,1.0,0.0,0.0,0.0
original_synthetic_v04,provenance_conservative,negation_trap,0.25,1.0,0.0,0.0,0.0,0.0,0.0,0.0,80,0.0,0.0,1.0,0.0,1.0,0.0,0.0,0.0
original_synthetic_v04,provenance_conservative,outdated_evidence,0.07342657342657342,0.7646370023419203,0.0,0.0,0.8278688524590164,0.0,0.0,0.6639344262295082,122,0.0,0.0,0.0,0.2937062937062937,0.14685314685314685,0.0,0.0,0.0
original_synthetic_v04,provenance_conservative,paraphrase_stress_v04,0.6029833620195066,0.7020000000000001,0.0,0.0,0.58,0.32,0.0,0.2675,200,0.8095238095238095,0.0,1.0,0.6024096385542169,0.6029833620195066,0.0,0.0,0.0
original_synthetic_v04,provenance_conservative,paraphrased_evidence,0.3411140583554376,0.7959435626102292,0.0,0.044444444444444446,0.5888888888888889,0.5967741935483871,0.0,0.6222222222222222,90,0.5747126436781609,0.0,0.6666666666666666,0.12307692307692308,0.3411140583554376,0.0,0.0,0.0
original_synthetic_v04,provenance_conservative,partial_missing_supplier_escalation,0.08762886597938144,0.8892857142857142,0.0,0.0,0.1,0.0,0.0,0.7625,80,0.0,0.3505154639175258,0.0,0.0,0.3505154639175258,0.0,0.0,0.0
original_synthetic_v04,provenance_conservative,partial_missing_test,0.0,0.8767857142857143,0.0,0.0,0.3125,0.0,0.0,0.921875,80,0.0,0.0,0.0,0.0,0.0,0.0,0.0,0.0
original_synthetic_v04,provenance_conservative,simple_negative,0.25,1.0,0.0,0.0,0.0,0.0,0.0,0.0,50,0.0,0.0,1.0,0.0,1.0,0.0,0.0,0.0
original_synthetic_v04,provenance_conservative,simple_positive,0.4454365079365079,0.9626102292768959,0.0,0.044444444444444446,0.26666666666666666,0.1935483870967742,0.0,0.34444444444444444,90,0.8928571428571428,0.0,0.6666666666666666,0.2222222222222222,0.4454365079365079,0.0,0.0,0.0
original_synthetic_v04,provenance_conservative,source_confusion,0.19801980198019803,1.0,0.0,0.0,0.0,0.0,0.0,0.3442622950819672,122,0.0,0.0,0.7920792079207921,0.0,0.39603960396039606,0.0,0.0,0.0
original_synthetic_v04,provenance_conservative_with_source_guard,German_English_mixed,0.18933083856430066,0.6907448107448108,0.0,0.06153846153846154,0.43846153846153846,1.0,0.0,0.8,130,0.0,0.14035087719298245,0.25,0.3669724770642202,0.18933083856430066,0.0,0.0,0.0
original_synthetic_v04,provenance_conservative_with_source_guard,contradictory_documents,0.1326530612244898,0.8645833333333334,0.0,0.0,0.3611111111111111,0.0,0.0,0.6388888888888888,72,0.0,0.0,0.0,0.5306122448979591,0.5306122448979591,0.0,0.0,0.0
original_synthetic_v04,provenance_conservative_with_source_guard,distractor_heavy,0.13558274223986466,0.6549206349206349,0.0,0.15263157894736842,0.6052631578947368,1.0,0.0,0.7671052631578947,190,0.0,0.0,0.47933884297520657,0.06299212598425197,0.13558274223986463,0.0,0.0,0.0
original_synthetic_v04,provenance_conservative_with_source_guard,draft_policy_trap,0.39636425416241927,0.5081967213114754,0.0,0.0,0.5491803278688525,0.0,0.0,0.15368852459016394,122,0.0,0.8148148148148148,0.0,0.7706422018348624,0.7927285083248385,0.0,0.0,0.0
original_synthetic_v04,provenance_conservative_with_source_guard,future_tense_trap,0.25,0.0,0.0,0.0,1.0,0.0,0.0,0.0,72,0.0,0.0,0.0,1.0,1.0,0.0,0.0,0.0
original_synthetic_v04,provenance_conservative_with_source_guard,multi_document_required,0.4547803617571059,0.9719576719576719,0.0,0.03333333333333333,0.2,0.13043478260869565,0.0,0.25833333333333336,120,0.9302325581395349,0.0,0.6666666666666666,0.2222222222222222,0.4547803617571059,0.0,0.0,0.0
original_synthetic_v04,provenance_conservative_with_source_guard,near_miss_keyword_overlap,0.25,1.0,0.0,0.0,0.0,0.0,0.0,0.0,80,0.0,0.0,1.0,0.0,1.0,0.0,0.0,0.0
original_synthetic_v04,provenance_conservative_with_source_guard,negation_trap,0.25,1.0,0.0,0.0,0.0,0.0,0.0,0.0,80,0.0,0.0,1.0,0.0,1.0,0.0,0.0,0.0
original_synthetic_v04,provenance_conservative_with_source_guard,outdated_evidence,0.07342657342657342,0.7646370023419203,0.0,0.0,0.8278688524590164,0.0,0.0,0.6639344262295082,122,0.0,0.0,0.0,0.2937062937062937,0.14685314685314685,0.0,0.0,0.0
original_synthetic_v04,provenance_conservative_with_source_guard,paraphrase_stress_v04,0.6029833620195066,0.7020000000000001,0.0,0.0,0.58,0.32,0.0,0.2675,200,0.8095238095238095,0.0,1.0,0.6024096385542169,0.6029833620195066,0.0,0.0,0.0
original_synthetic_v04,provenance_conservative_with_source_guard,paraphrased_evidence,0.3411140583554376,0.7959435626102292,0.0,0.044444444444444446,0.5888888888888889,0.5967741935483871,0.0,0.6222222222222222,90,0.5747126436781609,0.0,0.6666666666666666,0.12307692307692308,0.3411140583554376,0.0,0.0,0.0
original_synthetic_v04,provenance_conservative_with_source_guard,partial_missing_supplier_escalation,0.08762886597938144,0.8892857142857142,0.0,0.0,0.1,0.0,0.0,0.7625,80,0.0,0.3505154639175258,0.0,0.0,0.3505154639175258,0.0,0.0,0.0
original_synthetic_v04,provenance_conservative_with_source_guard,partial_missing_test,0.0,0.8767857142857143,0.0,0.0,0.3125,0.0,0.0,0.921875,80,0.0,0.0,0.0,0.0,0.0,0.0,0.0,0.0
original_synthetic_v04,provenance_conservative_with_source_guard,simple_negative,0.25,1.0,0.0,0.0,0.0,0.0,0.0,0.0,50,0.0,0.0,1.0,0.0,1.0,0.0,0.0,0.0
original_synthetic_v04,provenance_conservative_with_source_guard,simple_positive,0.4454365079365079,0.9626102292768959,0.0,0.044444444444444446,0.26666666666666666,0.1935483870967742,0.0,0.34444444444444444,90,0.8928571428571428,0.0,0.6666666666666666,0.2222222222222222,0.4454365079365079,0.0,0.0,0.0
original_synthetic_v04,provenance_conservative_with_source_guard,source_confusion,0.19801980198019803,1.0,0.0,0.0,0.0,0.0,0.0,0.3442622950819672,122,0.0,0.0,0.7920792079207921,0.0,0.39603960396039606,0.0,0.0,0.0
independent_challenge_v07,metadata_aware,German_policy_with_English_audit_note,0.375,0.8928571428571428,0.0,0.0,0.25,1.0,0.0,0.5,4,0.0,0.5,0.0,1.0,0.5,0.0,0.0,0.0
independent_challenge_v07,metadata_aware,ambiguous_management_statement,0.625,0.9714285714285713,0.0,0.0,0.1,1.0,0.0,0.4,10,0.0,0.5,1.0,1.0,0.625,0.0,0.0,0.0
independent_challenge_v07,metadata_aware,contradiction_between_policy_and_audit,0.41666666666666663,0.9642857142857143,0.0,0.0,0.5,1.0,0.0,0.25,4,0.0,0.6666666666666666,0.0,1.0,0.5555555555555555,0.0,0.0,0.0
independent_challenge_v07,metadata_aware,draft_only_process,0.6666666666666666,0.9642857142857143,0.0,0.0,0.25,1.0,0.0,0.25,4,0.0,0.6666666666666666,1.0,1.0,0.6666666666666666,0.0,0.25,0.1375
independent_challenge_v07,metadata_aware,implicit_but_insufficient_evidence,0.5,1.0,0.0,0.0,0.3333333333333333,1.0,0.0,0.2222222222222222,9,0.0,0.0,1.0,1.0,0.6666666666666666,0.0,0.0,0.0
independent_challenge_v07,metadata_aware,norm_text_confused_with_company_policy,0.5,0.7619047619047619,0.0,0.0,0.5,0.0,0.0,0.0,8,0.0,1.0,0.0,1.0,1.0,0.5,0.5,0.5
independent_challenge_v07,metadata_aware,outdated_test_record,0.35,0.9761904761904762,0.0,0.3333333333333333,0.0,1.0,0.0,0.6666666666666666,6,0.0,0.4,1.0,0.0,0.35,0.0,0.0,0.0
independent_challenge_v07,metadata_aware,realistic_false_negative_trap,0.39285714285714285,0.9523809523809524,0.0,0.0,0.0,1.0,0.0,0.5,6,0.0,0.5714285714285715,1.0,0.0,0.5238095238095238,0.0,0.0,0.0
independent_challenge_v07,metadata_aware,realistic_false_positive_trap,0.6666666666666666,0.9591836734693878,0.0,0.0,0.14285714285714285,1.0,0.0,0.2857142857142857,7,0.0,0.6666666666666666,1.0,1.0,0.6666666666666666,0.0,0.0,0.0
independent_challenge_v07,metadata_aware,realistic_policy_bundle,0.5,0.8857142857142858,0.0,0.0,0.2,0.0,0.0,0.0,5,0.0,1.0,0.0,1.0,1.0,0.0,0.0,0.0
independent_challenge_v07,metadata_aware,strong_evidence_scattered_across_documents,0.6666666666666666,0.9795918367346939,0.0,0.0,0.14285714285714285,1.0,0.0,0.14285714285714285,7,0.0,0.6666666666666666,1.0,1.0,0.6666666666666666,0.0,0.0,0.0
independent_challenge_v07,metadata_aware,supplier_gap,0.6,0.9857142857142858,0.0,0.0,0.3,1.0,0.0,0.3,10,0.0,0.4,1.0,1.0,0.6,0.0,0.0,0.0
independent_challenge_v07,provenance_balanced,German_policy_with_English_audit_note,0.0,0.9285714285714286,0.0,0.0,0.25,1.0,0.0,0.9375,4,0.0,0.0,0.0,0.0,0.0,0.0,0.0,0.0
independent_challenge_v07,provenance_balanced,ambiguous_management_statement,0.4642857142857143,1.0,0.0,0.0,0.2,0.0,0.0,0.25,10,1.0,0.0,0.8571428571428571,0.0,0.4642857142857143,0.0,0.0,0.0
independent_challenge_v07,provenance_balanced,contradiction_between_policy_and_audit,0.25,1.0,0.0,0.0,0.25,0.0,0.0,0.6875,4,1.0,0.0,0.0,0.0,0.3333333333333333,0.0,0.0,0.0
independent_challenge_v07,provenance_balanced,draft_only_process,0.6666666666666666,0.75,0.0,0.0,0.5,0.0,0.0,0.1875,4,1.0,0.0,1.0,0.6666666666666666,0.6666666666666666,0.0,0.0,0.0
independent_challenge_v07,provenance_balanced,implicit_but_insufficient_evidence,0.4318181818181818,1.0,0.0,0.0,0.0,0.0,0.0,0.3333333333333333,9,1.0,0.0,0.7272727272727273,0.0,0.5757575757575758,0.0,0.0,0.0
independent_challenge_v07,provenance_balanced,norm_text_confused_with_company_policy,0.16666666666666666,0.5,0.0,0.0,1.0,0.0,0.0,0.375,8,0.0,0.0,0.0,0.6666666666666666,0.3333333333333333,0.0,0.0,0.0
independent_challenge_v07,provenance_balanced,outdated_test_record,0.5,0.8888888888888888,0.0,0.3333333333333333,0.16666666666666666,0.0,0.0,0.625,6,1.0,0.0,1.0,0.0,0.5,0.0,0.0,0.0
independent_challenge_v07,provenance_balanced,realistic_false_negative_trap,0.5,1.0,0.0,0.0,0.3333333333333333,0.0,0.0,0.25,6,1.0,0.0,1.0,0.0,0.6666666666666666,0.0,0.0,0.0
independent_challenge_v07,provenance_balanced,realistic_false_positive_trap,0.45,1.0,0.0,0.0,0.2857142857142857,0.0,0.0,0.35714285714285715,7,1.0,0.0,0.8,0.0,0.45,0.0,0.0,0.0
independent_challenge_v07,provenance_balanced,realistic_policy_bundle,0.0,1.0,0.0,0.0,0.8,0.0,0.0,0.8,5,0.0,0.0,0.0,0.0,0.0,0.0,0.0,0.0
independent_challenge_v07,provenance_balanced,strong_evidence_scattered_across_documents,0.4722222222222222,1.0,0.0,0.0,0.14285714285714285,0.0,0.0,0.25,7,1.0,0.0,0.888888888888889,0.0,0.4722222222222222,0.0,0.0,0.0
independent_challenge_v07,provenance_balanced,supplier_gap,0.4,1.0,0.0,0.0,0.0,0.0,0.0,0.4,10,1.0,0.0,0.6,0.0,0.4,0.0,0.0,0.0
independent_challenge_v07,provenance_conservative,German_policy_with_English_audit_note,0.16666666666666666,0.6785714285714286,0.0,0.0,0.5,1.0,0.0,0.6875,4,0.0,0.0,0.0,0.6666666666666666,0.2222222222222222,0.0,0.0,0.0
independent_challenge_v07,provenance_conservative,ambiguous_management_statement,0.625,0.9,0.0,0.0,0.3,0.0,0.0,0.15,10,1.0,0.0,1.0,0.5,0.625,0.0,0.0,0.0
independent_challenge_v07,provenance_conservative,contradiction_between_policy_and_audit,0.25,1.0,0.0,0.0,0.25,0.0,0.0,0.6875,4,1.0,0.0,0.0,0.0,0.3333333333333333,0.0,0.0,0.0
independent_challenge_v07,provenance_conservative,draft_only_process,0.6666666666666666,0.75,0.0,0.0,0.5,0.0,0.0,0.1875,4,1.0,0.0,1.0,0.6666666666666666,0.6666666666666666,0.0,0.0,0.0
independent_challenge_v07,provenance_conservative,implicit_but_insufficient_evidence,0.75,0.6666666666666666,0.0,0.0,0.3333333333333333,0.0,0.0,0.0,9,1.0,0.0,1.0,1.0,1.0,0.0,0.0,0.0
independent_challenge_v07,provenance_conservative,norm_text_confused_with_company_policy,0.16666666666666666,0.5,0.0,0.0,1.0,0.0,0.0,0.375,8,0.0,0.0,0.0,0.6666666666666666,0.3333333333333333,0.0,0.0,0.0
independent_challenge_v07,provenance_conservative,outdated_test_record,0.7,0.8888888888888888,0.0,0.0,0.5,0.0,0.0,0.125,6,1.0,0.0,1.0,0.8,0.7,0.0,0.0,0.0
independent_challenge_v07,provenance_conservative,realistic_false_negative_trap,0.5,1.0,0.0,0.0,0.3333333333333333,0.0,0.0,0.25,6,1.0,0.0,1.0,0.0,0.6666666666666666,0.0,0.0,0.0
independent_challenge_v07,provenance_conservative,realistic_false_positive_trap,0.625,0.8571428571428571,0.0,0.0,0.42857142857142855,0.0,0.0,0.21428571428571427,7,1.0,0.0,1.0,0.5,0.625,0.0,0.0,0.0
independent_challenge_v07,provenance_conservative,realistic_policy_bundle,0.08333333333333333,0.8,0.0,0.0,1.0,0.0,0.0,0.6,5,0.0,0.0,0.0,0.33333333333333337,0.16666666666666669,0.0,0.0,0.0
independent_challenge_v07,provenance_conservative,strong_evidence_scattered_across_documents,0.6666666666666666,0.8571428571428571,0.0,0.0,0.2857142857142857,0.0,0.0,0.10714285714285714,7,1.0,0.0,1.0,0.6666666666666666,0.6666666666666666,0.0,0.0,0.0
independent_challenge_v07,provenance_conservative,supplier_gap,0.7142857142857143,0.7,0.0,0.0,0.3,0.0,0.0,0.1,10,1.0,0.0,0.8571428571428571,1.0,0.7142857142857143,0.0,0.0,0.0
independent_challenge_v07,provenance_conservative_with_source_guard,German_policy_with_English_audit_note,0.16666666666666666,0.6785714285714286,0.0,0.0,0.5,1.0,0.0,0.6875,4,0.0,0.0,0.0,0.6666666666666666,0.2222222222222222,0.0,0.0,0.0
independent_challenge_v07,provenance_conservative_with_source_guard,ambiguous_management_statement,0.625,0.9,0.0,0.0,0.3,0.0,0.0,0.15,10,1.0,0.0,1.0,0.5,0.625,0.0,0.0,0.0
independent_challenge_v07,provenance_conservative_with_source_guard,contradiction_between_policy_and_audit,0.25,1.0,0.0,0.0,0.25,0.0,0.0,0.6875,4,1.0,0.0,0.0,0.0,0.3333333333333333,0.0,0.0,0.0
independent_challenge_v07,provenance_conservative_with_source_guard,draft_only_process,0.6666666666666666,0.75,0.0,0.0,0.5,0.0,0.0,0.1875,4,1.0,0.0,1.0,0.6666666666666666,0.6666666666666666,0.0,0.0,0.0
independent_challenge_v07,provenance_conservative_with_source_guard,implicit_but_insufficient_evidence,0.75,0.6666666666666666,0.0,0.0,0.3333333333333333,0.0,0.0,0.0,9,1.0,0.0,1.0,1.0,1.0,0.0,0.0,0.0
independent_challenge_v07,provenance_conservative_with_source_guard,norm_text_confused_with_company_policy,0.16666666666666666,0.5,0.0,0.0,1.0,0.0,0.0,0.375,8,0.0,0.0,0.0,0.6666666666666666,0.3333333333333333,0.0,0.0,0.0
independent_challenge_v07,provenance_conservative_with_source_guard,outdated_test_record,0.7,0.8888888888888888,0.0,0.0,0.5,0.0,0.0,0.125,6,1.0,0.0,1.0,0.8,0.7,0.0,0.0,0.0
independent_challenge_v07,provenance_conservative_with_source_guard,realistic_false_negative_trap,0.5,1.0,0.0,0.0,0.3333333333333333,0.0,0.0,0.25,6,1.0,0.0,1.0,0.0,0.6666666666666666,0.0,0.0,0.0
independent_challenge_v07,provenance_conservative_with_source_guard,realistic_false_positive_trap,0.625,0.8571428571428571,0.0,0.0,0.42857142857142855,0.0,0.0,0.21428571428571427,7,1.0,0.0,1.0,0.5,0.625,0.0,0.0,0.0
independent_challenge_v07,provenance_conservative_with_source_guard,realistic_policy_bundle,0.08333333333333333,0.8,0.0,0.0,1.0,0.0,0.0,0.6,5,0.0,0.0,0.0,0.33333333333333337,0.16666666666666669,0.0,0.0,0.0
independent_challenge_v07,provenance_conservative_with_source_guard,strong_evidence_scattered_across_documents,0.6666666666666666,0.8571428571428571,0.0,0.0,0.2857142857142857,0.0,0.0,0.10714285714285714,7,1.0,0.0,1.0,0.6666666666666666,0.6666666666666666,0.0,0.0,0.0
independent_challenge_v07,provenance_conservative_with_source_guard,supplier_gap,0.7142857142857143,0.7,0.0,0.0,0.3,0.0,0.0,0.1,10,1.0,0.0,0.8571428571428571,1.0,0.7142857142857143,0.0,0.0,0.0
alt_generator_v07,metadata_aware,audit_denial,0.3673913043478261,0.9253246753246753,0.0,0.0,0.22727272727272727,1.0,0.0,0.5681818181818182,44,0.0,0.0,0.6,0.8695652173913044,0.3673913043478261,0.13636363636363635,0.13636363636363635,0.13636363636363635
alt_generator_v07,metadata_aware,business_document_keyword_trap,0.3716577540106952,0.9333333333333333,0.0,0.0,0.17777777777777778,1.0,0.0,0.6222222222222222,45,0.0,0.0,0.5454545454545454,0.9411764705882353,0.3716577540106952,0.06666666666666667,0.06666666666666667,0.06666666666666667
alt_generator_v07,metadata_aware,competing_current_records,0.40584415584415584,0.9335839598997493,0.0,0.0,0.2631578947368421,1.0,0.0,0.47368421052631576,38,0.0,0.0,0.7142857142857143,0.9090909090909091,0.40584415584415584,0.13157894736842105,0.13157894736842105,0.13157894736842105
alt_generator_v07,metadata_aware,draft_minutes_only,0.3911764705882353,0.9298941798941799,0.0,0.0,0.1111111111111111,1.0,0.0,0.5277777777777778,36,0.0,0.0,0.7647058823529412,0.8,0.39117647058823535,0.1388888888888889,0.1388888888888889,0.1388888888888889
alt_generator_v07,metadata_aware,indirect_evidence_positive,0.391875,0.934959349593496,0.0,0.0,0.2682926829268293,1.0,0.0,0.4634146341463415,41,0.0,0.0,0.6875000000000001,0.88,0.39187500000000003,0.12195121951219512,0.12195121951219512,0.12195121951219512
alt_generator_v07,metadata_aware,mixed_language_bundle,0.3951612903225806,0.9478458049886621,0.0,0.0,0.19047619047619047,1.0,0.0,0.5952380952380952,42,0.0,0.0,0.5806451612903226,1.0,0.3951612903225806,0.023809523809523808,0.023809523809523808,0.023809523809523808
alt_generator_v07,metadata_aware,operations_note_without_test,0.3249299719887955,0.9209726443768996,0.0,0.0,0.14893617021276595,1.0,0.0,0.6382978723404256,47,0.0,0.0,0.47619047619047616,0.8235294117647058,0.3249299719887955,0.06382978723404255,0.06382978723404255,0.06382978723404255
alt_generator_v07,metadata_aware,paragraph_bundle_positive,0.33779761904761907,0.9346938775510204,0.0,0.0,0.2,1.0,0.0,0.6571428571428571,35,0.0,0.0,0.47619047619047616,0.8750000000000001,0.33779761904761907,0.08571428571428572,0.08571428571428572,0.08571428571428572
alt_generator_v07,metadata_aware,soft_management_claim,0.40930232558139534,0.907482993197279,0.0,0.0,0.17142857142857143,1.0,0.0,0.3142857142857143,35,0.0,0.0,0.8372093023255813,0.8,0.40930232558139534,0.22857142857142856,0.22857142857142856,0.22857142857142856
alt_generator_v07,metadata_aware,supplier_chain_gap,0.3522267206477733,0.9407979407979408,0.0,0.0,0.24324324324324326,1.0,0.0,0.5945945945945946,37,0.0,0.0,0.4615384615384615,0.9473684210526316,0.3522267206477733,0.02702702702702703,0.02702702702702703,0.02702702702702703
alt_generator_v07,provenance_balanced,audit_denial,0.6666666666666666,0.7045454545454546,0.0,0.0,0.29545454545454547,0.0,0.0,0.20454545454545456,44,1.0,0.0,0.6666666666666666,1.0,0.6666666666666666,0.0,0.0,0.0
alt_generator_v07,provenance_balanced,business_document_keyword_trap,0.640625,0.8,0.0,0.0,0.2,0.0,0.0,0.3111111111111111,45,1.0,0.0,0.5625,1.0,0.640625,0.0,0.0,0.0
alt_generator_v07,provenance_balanced,competing_current_records,0.6923076923076923,0.6842105263157895,0.0,0.0,0.3157894736842105,0.0,0.0,0.15789473684210525,38,1.0,0.0,0.7692307692307693,1.0,0.6923076923076923,0.0,0.0,0.0
alt_generator_v07,provenance_balanced,draft_minutes_only,0.703125,0.8333333333333334,0.0,0.0,0.16666666666666666,0.0,0.0,0.16666666666666666,36,1.0,0.0,0.8125000000000001,1.0,0.703125,0.0,0.0,0.0
alt_generator_v07,provenance_balanced,indirect_evidence_positive,0.6896551724137931,0.6585365853658537,0.0,0.0,0.34146341463414637,0.0,0.0,0.17073170731707318,41,1.0,0.0,0.7586206896551725,1.0,0.6896551724137931,0.0,0.0,0.0
alt_generator_v07,provenance_balanced,mixed_language_bundle,0.6451612903225806,0.8095238095238095,0.0,0.0,0.19047619047619047,0.0,0.0,0.30952380952380953,42,1.0,0.0,0.5806451612903226,1.0,0.6451612903225806,0.0,0.0,0.0
alt_generator_v07,provenance_balanced,operations_note_without_test,0.6282051282051282,0.7872340425531915,0.0,0.0,0.2127659574468085,0.0,0.0,0.40425531914893614,47,1.0,0.0,0.5128205128205129,1.0,0.6282051282051282,0.0,0.0,0.0
alt_generator_v07,provenance_balanced,paragraph_bundle_positive,0.631578947368421,0.7428571428571429,0.0,0.0,0.2571428571428571,0.0,0.0,0.2571428571428571,35,1.0,0.0,0.5263157894736842,1.0,0.631578947368421,0.0,0.0,0.0
alt_generator_v07,provenance_balanced,soft_management_claim,0.725,0.7428571428571429,0.0,0.0,0.2571428571428571,0.0,0.0,0.11428571428571428,35,1.0,0.0,0.9,1.0,0.725,0.0,0.0,0.0
alt_generator_v07,provenance_balanced,supplier_chain_gap,0.62,0.7297297297297297,0.0,0.0,0.2702702702702703,0.0,0.0,0.35135135135135137,37,1.0,0.0,0.4799999999999999,1.0,0.62,0.0,0.0,0.0
alt_generator_v07,provenance_conservative,audit_denial,0.6279761904761905,0.7045454545454546,0.0,0.0,0.3409090909090909,0.15384615384615385,0.0,0.25,44,0.9166666666666666,0.0,0.6666666666666666,0.9285714285714286,0.6279761904761905,0.0,0.0,0.0
alt_generator_v07,provenance_conservative,business_document_keyword_trap,0.5497159090909092,0.8,0.0,0.0,0.28888888888888886,0.3076923076923077,0.0,0.4,45,0.8181818181818181,0.0,0.5625,0.8181818181818181,0.5497159090909091,0.0,0.0,0.0
alt_generator_v07,provenance_conservative,competing_current_records,0.6691497975708502,0.6842105263157895,0.0,0.0,0.34210526315789475,0.1,0.0,0.18421052631578946,38,0.9473684210526316,0.0,0.7692307692307693,0.9600000000000001,0.6691497975708502,0.0,0.0,0.0
alt_generator_v07,provenance_conservative,draft_minutes_only,0.6719894688644689,0.8333333333333334,0.0,0.0,0.19444444444444445,0.09090909090909091,0.0,0.19444444444444445,36,0.9523809523809523,0.0,0.8125000000000001,0.923076923076923,0.6719894688644689,0.0,0.0,0.0
alt_generator_v07,provenance_conservative,indirect_evidence_positive,0.6417385057471264,0.6585365853658537,0.0,0.0,0.3902439024390244,0.2222222222222222,0.0,0.21951219512195122,41,0.8750000000000001,0.0,0.7586206896551725,0.9333333333333333,0.6417385057471265,0.0,0.0,0.0
alt_generator_v07,provenance_conservative,mixed_language_bundle,0.5946562398175301,0.8095238095238095,0.0,0.0,0.23809523809523808,0.16666666666666666,0.0,0.35714285714285715,42,0.9090909090909091,0.0,0.5806451612903226,0.888888888888889,0.5946562398175301,0.0,0.0,0.0
alt_generator_v07,provenance_conservative,operations_note_without_test,0.5379041248606465,0.7872340425531915,0.0,0.0,0.2765957446808511,0.375,0.0,0.46808510638297873,47,0.7692307692307693,0.0,0.5128205128205129,0.8695652173913044,0.5379041248606466,0.0,0.0,0.0
alt_generator_v07,provenance_conservative,paragraph_bundle_positive,0.5838516746411483,0.7428571428571429,0.0,0.0,0.3142857142857143,0.16666666666666666,0.0,0.3142857142857143,35,0.9090909090909091,0.0,0.5263157894736842,0.9,0.5838516746411483,0.0,0.0,0.0
alt_generator_v07,provenance_conservative,soft_management_claim,0.725,0.7428571428571429,0.0,0.0,0.2571428571428571,0.0,0.0,0.11428571428571428,35,1.0,0.0,0.9,1.0,0.725,0.0,0.0,0.0
alt_generator_v07,provenance_conservative,supplier_chain_gap,0.5296989966555183,0.7297297297297297,0.0,0.0,0.35135135135135137,0.375,0.0,0.43243243243243246,37,0.7692307692307693,0.0,0.4799999999999999,0.8695652173913044,0.5296989966555185,0.0,0.0,0.0
alt_generator_v07,provenance_conservative_with_source_guard,audit_denial,0.6279761904761905,0.7045454545454546,0.0,0.0,0.3409090909090909,0.15384615384615385,0.0,0.25,44,0.9166666666666666,0.0,0.6666666666666666,0.9285714285714286,0.6279761904761905,0.0,0.0,0.0
alt_generator_v07,provenance_conservative_with_source_guard,business_document_keyword_trap,0.5497159090909092,0.8,0.0,0.0,0.28888888888888886,0.3076923076923077,0.0,0.4,45,0.8181818181818181,0.0,0.5625,0.8181818181818181,0.5497159090909091,0.0,0.0,0.0
alt_generator_v07,provenance_conservative_with_source_guard,competing_current_records,0.6691497975708502,0.6842105263157895,0.0,0.0,0.34210526315789475,0.1,0.0,0.18421052631578946,38,0.9473684210526316,0.0,0.7692307692307693,0.9600000000000001,0.6691497975708502,0.0,0.0,0.0
alt_generator_v07,provenance_conservative_with_source_guard,draft_minutes_only,0.6719894688644689,0.8333333333333334,0.0,0.0,0.19444444444444445,0.09090909090909091,0.0,0.19444444444444445,36,0.9523809523809523,0.0,0.8125000000000001,0.923076923076923,0.6719894688644689,0.0,0.0,0.0
alt_generator_v07,provenance_conservative_with_source_guard,indirect_evidence_positive,0.6417385057471264,0.6585365853658537,0.0,0.0,0.3902439024390244,0.2222222222222222,0.0,0.21951219512195122,41,0.8750000000000001,0.0,0.7586206896551725,0.9333333333333333,0.6417385057471265,0.0,0.0,0.0
alt_generator_v07,provenance_conservative_with_source_guard,mixed_language_bundle,0.5946562398175301,0.8095238095238095,0.0,0.0,0.23809523809523808,0.16666666666666666,0.0,0.35714285714285715,42,0.9090909090909091,0.0,0.5806451612903226,0.888888888888889,0.5946562398175301,0.0,0.0,0.0
alt_generator_v07,provenance_conservative_with_source_guard,operations_note_without_test,0.5379041248606465,0.7872340425531915,0.0,0.0,0.2765957446808511,0.375,0.0,0.46808510638297873,47,0.7692307692307693,0.0,0.5128205128205129,0.8695652173913044,0.5379041248606466,0.0,0.0,0.0
alt_generator_v07,provenance_conservative_with_source_guard,paragraph_bundle_positive,0.5838516746411483,0.7428571428571429,0.0,0.0,0.3142857142857143,0.16666666666666666,0.0,0.3142857142857143,35,0.9090909090909091,0.0,0.5263157894736842,0.9,0.5838516746411483,0.0,0.0,0.0
alt_generator_v07,provenance_conservative_with_source_guard,soft_management_claim,0.725,0.7428571428571429,0.0,0.0,0.2571428571428571,0.0,0.0,0.11428571428571428,35,1.0,0.0,0.9,1.0,0.725,0.0,0.0,0.0
alt_generator_v07,provenance_conservative_with_source_guard,supplier_chain_gap,0.5296989966555183,0.7297297297297297,0.0,0.0,0.35135135135135137,0.375,0.0,0.43243243243243246,37,0.7692307692307693,0.0,0.4799999999999999,0.8695652173913044,0.5296989966555185,0.0,0.0,0.0
paraphrase_stress_v04,metadata_aware,paraphrase_stress_v04,0.6666666666666666,0.7898571428571428,0.0,0.0,0.25,1.0,0.0,0.25,200,0.0,0.6666666666666666,1.0,1.0,0.6666666666666666,0.0,0.0,0.0
paraphrase_stress_v04,provenance_balanced,paraphrase_stress_v04,0.4523809523809524,0.8686666666666666,0.0,0.25,0.25,0.32,0.0,0.6425,200,0.8095238095238095,0.0,1.0,0.0,0.4523809523809524,0.0,0.0,0.0
paraphrase_stress_v04,provenance_conservative,paraphrase_stress_v04,0.6029833620195066,0.7020000000000001,0.0,0.0,0.58,0.32,0.0,0.2675,200,0.8095238095238095,0.0,1.0,0.6024096385542169,0.6029833620195066,0.0,0.0,0.0
paraphrase_stress_v04,provenance_conservative_with_source_guard,paraphrase_stress_v04,0.6029833620195066,0.7020000000000001,0.0,0.0,0.58,0.32,0.0,0.2675,200,0.8095238095238095,0.0,1.0,0.6024096385542169,0.6029833620195066,0.0,0.0,0.0
independent_challenge_plus_public_template_distractors_v07,metadata_aware,German_policy_with_English_audit_note,0.1,0.0,0.0,0.0,1.0,1.0,0.0,0.6875,4,0.0,0.0,0.0,0.4,0.13333333333333333,0.0,0.0,0.0
independent_challenge_plus_public_template_distractors_v07,metadata_aware,ambiguous_management_statement,0.045454545454545456,0.0,0.0,0.3,1.0,1.0,0.0,0.775,10,0.0,0.0,0.0,0.18181818181818182,0.045454545454545456,0.0,0.0,0.0
independent_challenge_plus_public_template_distractors_v07,metadata_aware,contradiction_between_policy_and_audit,0.16666666666666666,0.0,0.0,0.0,1.0,1.0,0.0,0.4375,4,0.0,0.0,0.0,0.6666666666666666,0.2222222222222222,0.0,0.0,0.0
independent_challenge_plus_public_template_distractors_v07,metadata_aware,draft_only_process,0.1,0.0,0.0,0.25,1.0,1.0,0.0,0.625,4,0.0,0.0,0.0,0.4,0.1,0.0,0.0,0.0
independent_challenge_plus_public_template_distractors_v07,metadata_aware,implicit_but_insufficient_evidence,0.125,0.0,0.0,0.4444444444444444,1.0,1.0,0.0,0.5555555555555556,9,0.0,0.0,0.0,0.5,0.16666666666666666,0.0,0.0,0.0
independent_challenge_plus_public_template_distractors_v07,metadata_aware,norm_text_confused_with_company_policy,0.16666666666666666,0.3333333333333333,0.0,0.0,1.0,0.0,0.0,0.375,8,0.0,0.0,0.0,0.6666666666666666,0.3333333333333333,0.5,0.5,0.5
independent_challenge_plus_public_template_distractors_v07,metadata_aware,outdated_test_record,0.125,0.0,0.0,0.3333333333333333,1.0,1.0,0.0,0.5416666666666666,6,0.0,0.0,0.0,0.5,0.125,0.0,0.0,0.0
independent_challenge_plus_public_template_distractors_v07,metadata_aware,realistic_false_negative_trap,0.0,0.0,0.0,0.16666666666666666,1.0,1.0,0.0,0.875,6,0.0,0.0,0.0,0.0,0.0,0.0,0.0,0.0
independent_challenge_plus_public_template_distractors_v07,metadata_aware,realistic_false_positive_trap,0.0625,0.0,0.0,0.2857142857142857,1.0,1.0,0.0,0.7142857142857143,7,0.0,0.0,0.0,0.25,0.0625,0.0,0.0,0.0
independent_challenge_plus_public_template_distractors_v07,metadata_aware,realistic_policy_bundle,0.08333333333333333,0.0,0.0,0.0,1.0,0.0,0.0,0.6,5,0.0,0.0,0.0,0.33333333333333337,0.16666666666666669,0.0,0.0,0.0
independent_challenge_plus_public_template_distractors_v07,metadata_aware,strong_evidence_scattered_across_documents,0.0625,0.0,0.0,0.5714285714285714,1.0,1.0,0.0,0.6785714285714286,7,0.0,0.0,0.0,0.25,0.0625,0.0,0.0,0.0
independent_challenge_plus_public_template_distractors_v07,metadata_aware,supplier_gap,0.11538461538461539,0.0,0.0,0.3,1.0,1.0,0.0,0.6,10,0.0,0.0,0.0,0.4615384615384615,0.11538461538461538,0.0,0.0,0.0
independent_challenge_plus_public_template_distractors_v07,provenance_balanced,German_policy_with_English_audit_note,0.1,0.0,0.0,0.0,1.0,1.0,0.0,0.6875,4,0.0,0.0,0.0,0.4,0.13333333333333333,0.0,0.0,0.0
independent_challenge_plus_public_template_distractors_v07,provenance_balanced,ambiguous_management_statement,0.045454545454545456,0.0,0.0,0.3,1.0,1.0,0.0,0.775,10,0.0,0.0,0.0,0.18181818181818182,0.045454545454545456,0.0,0.0,0.0
independent_challenge_plus_public_template_distractors_v07,provenance_balanced,contradiction_between_policy_and_audit,0.16666666666666666,0.0,0.0,0.0,1.0,1.0,0.0,0.4375,4,0.0,0.0,0.0,0.6666666666666666,0.2222222222222222,0.0,0.0,0.0
independent_challenge_plus_public_template_distractors_v07,provenance_balanced,draft_only_process,0.1,0.0,0.0,0.25,1.0,1.0,0.0,0.625,4,0.0,0.0,0.0,0.4,0.1,0.0,0.0,0.0
independent_challenge_plus_public_template_distractors_v07,provenance_balanced,implicit_but_insufficient_evidence,0.125,0.0,0.0,0.4444444444444444,1.0,1.0,0.0,0.5555555555555556,9,0.0,0.0,0.0,0.5,0.16666666666666666,0.0,0.0,0.0
independent_challenge_plus_public_template_distractors_v07,provenance_balanced,norm_text_confused_with_company_policy,0.16666666666666666,0.0,0.0,0.0,1.0,0.0,0.0,0.375,8,0.0,0.0,0.0,0.6666666666666666,0.3333333333333333,0.0,0.0,0.0
independent_challenge_plus_public_template_distractors_v07,provenance_balanced,outdated_test_record,0.125,0.0,0.0,0.3333333333333333,1.0,1.0,0.0,0.5416666666666666,6,0.0,0.0,0.0,0.5,0.125,0.0,0.0,0.0
independent_challenge_plus_public_template_distractors_v07,provenance_balanced,realistic_false_negative_trap,0.0,0.0,0.0,0.16666666666666666,1.0,1.0,0.0,0.875,6,0.0,0.0,0.0,0.0,0.0,0.0,0.0,0.0
independent_challenge_plus_public_template_distractors_v07,provenance_balanced,realistic_false_positive_trap,0.0625,0.0,0.0,0.2857142857142857,1.0,1.0,0.0,0.7142857142857143,7,0.0,0.0,0.0,0.25,0.0625,0.0,0.0,0.0
independent_challenge_plus_public_template_distractors_v07,provenance_balanced,realistic_policy_bundle,0.08333333333333333,0.0,0.0,0.0,1.0,0.0,0.0,0.6,5,0.0,0.0,0.0,0.33333333333333337,0.16666666666666669,0.0,0.0,0.0
independent_challenge_plus_public_template_distractors_v07,provenance_balanced,strong_evidence_scattered_across_documents,0.0625,0.0,0.0,0.5714285714285714,1.0,1.0,0.0,0.6785714285714286,7,0.0,0.0,0.0,0.25,0.0625,0.0,0.0,0.0
independent_challenge_plus_public_template_distractors_v07,provenance_balanced,supplier_gap,0.11538461538461539,0.0,0.0,0.3,1.0,1.0,0.0,0.6,10,0.0,0.0,0.0,0.4615384615384615,0.11538461538461538,0.0,0.0,0.0
independent_challenge_plus_public_template_distractors_v07,provenance_conservative,German_policy_with_English_audit_note,0.1,0.0,0.0,0.0,1.0,1.0,0.0,0.6875,4,0.0,0.0,0.0,0.4,0.13333333333333333,0.0,0.0,0.0
independent_challenge_plus_public_template_distractors_v07,provenance_conservative,ambiguous_management_statement,0.045454545454545456,0.0,0.0,0.3,1.0,1.0,0.0,0.775,10,0.0,0.0,0.0,0.18181818181818182,0.045454545454545456,0.0,0.0,0.0
independent_challenge_plus_public_template_distractors_v07,provenance_conservative,contradiction_between_policy_and_audit,0.16666666666666666,0.0,0.0,0.0,1.0,1.0,0.0,0.4375,4,0.0,0.0,0.0,0.6666666666666666,0.2222222222222222,0.0,0.0,0.0
independent_challenge_plus_public_template_distractors_v07,provenance_conservative,draft_only_process,0.1,0.0,0.0,0.25,1.0,1.0,0.0,0.625,4,0.0,0.0,0.0,0.4,0.1,0.0,0.0,0.0
independent_challenge_plus_public_template_distractors_v07,provenance_conservative,implicit_but_insufficient_evidence,0.125,0.0,0.0,0.4444444444444444,1.0,1.0,0.0,0.5555555555555556,9,0.0,0.0,0.0,0.5,0.16666666666666666,0.0,0.0,0.0
independent_challenge_plus_public_template_distractors_v07,provenance_conservative,norm_text_confused_with_company_policy,0.16666666666666666,0.0,0.0,0.0,1.0,0.0,0.0,0.375,8,0.0,0.0,0.0,0.6666666666666666,0.3333333333333333,0.0,0.0,0.0
independent_challenge_plus_public_template_distractors_v07,provenance_conservative,outdated_test_record,0.125,0.0,0.0,0.3333333333333333,1.0,1.0,0.0,0.5416666666666666,6,0.0,0.0,0.0,0.5,0.125,0.0,0.0,0.0
independent_challenge_plus_public_template_distractors_v07,provenance_conservative,realistic_false_negative_trap,0.0,0.0,0.0,0.16666666666666666,1.0,1.0,0.0,0.875,6,0.0,0.0,0.0,0.0,0.0,0.0,0.0,0.0
independent_challenge_plus_public_template_distractors_v07,provenance_conservative,realistic_false_positive_trap,0.0625,0.0,0.0,0.2857142857142857,1.0,1.0,0.0,0.7142857142857143,7,0.0,0.0,0.0,0.25,0.0625,0.0,0.0,0.0
independent_challenge_plus_public_template_distractors_v07,provenance_conservative,realistic_policy_bundle,0.08333333333333333,0.0,0.0,0.0,1.0,0.0,0.0,0.6,5,0.0,0.0,0.0,0.33333333333333337,0.16666666666666669,0.0,0.0,0.0
independent_challenge_plus_public_template_distractors_v07,provenance_conservative,strong_evidence_scattered_across_documents,0.0625,0.0,0.0,0.5714285714285714,1.0,1.0,0.0,0.6785714285714286,7,0.0,0.0,0.0,0.25,0.0625,0.0,0.0,0.0
independent_challenge_plus_public_template_distractors_v07,provenance_conservative,supplier_gap,0.11538461538461539,0.0,0.0,0.3,1.0,1.0,0.0,0.6,10,0.0,0.0,0.0,0.4615384615384615,0.11538461538461538,0.0,0.0,0.0
independent_challenge_plus_public_template_distractors_v07,provenance_conservative_with_source_guard,German_policy_with_English_audit_note,0.1,0.0,0.0,0.0,1.0,1.0,0.0,0.6875,4,0.0,0.0,0.0,0.4,0.13333333333333333,0.0,0.0,0.0
independent_challenge_plus_public_template_distractors_v07,provenance_conservative_with_source_guard,ambiguous_management_statement,0.045454545454545456,0.0,0.0,0.3,1.0,1.0,0.0,0.775,10,0.0,0.0,0.0,0.18181818181818182,0.045454545454545456,0.0,0.0,0.0
independent_challenge_plus_public_template_distractors_v07,provenance_conservative_with_source_guard,contradiction_between_policy_and_audit,0.16666666666666666,0.0,0.0,0.0,1.0,1.0,0.0,0.4375,4,0.0,0.0,0.0,0.6666666666666666,0.2222222222222222,0.0,0.0,0.0
independent_challenge_plus_public_template_distractors_v07,provenance_conservative_with_source_guard,draft_only_process,0.1,0.0,0.0,0.25,1.0,1.0,0.0,0.625,4,0.0,0.0,0.0,0.4,0.1,0.0,0.0,0.0
independent_challenge_plus_public_template_distractors_v07,provenance_conservative_with_source_guard,implicit_but_insufficient_evidence,0.125,0.0,0.0,0.4444444444444444,1.0,1.0,0.0,0.5555555555555556,9,0.0,0.0,0.0,0.5,0.16666666666666666,0.0,0.0,0.0
independent_challenge_plus_public_template_distractors_v07,provenance_conservative_with_source_guard,norm_text_confused_with_company_policy,0.16666666666666666,0.0,0.0,0.0,1.0,0.0,0.0,0.375,8,0.0,0.0,0.0,0.6666666666666666,0.3333333333333333,0.0,0.0,0.0
independent_challenge_plus_public_template_distractors_v07,provenance_conservative_with_source_guard,outdated_test_record,0.125,0.0,0.0,0.3333333333333333,1.0,1.0,0.0,0.5416666666666666,6,0.0,0.0,0.0,0.5,0.125,0.0,0.0,0.0
independent_challenge_plus_public_template_distractors_v07,provenance_conservative_with_source_guard,realistic_false_negative_trap,0.0,0.0,0.0,0.16666666666666666,1.0,1.0,0.0,0.875,6,0.0,0.0,0.0,0.0,0.0,0.0,0.0,0.0
independent_challenge_plus_public_template_distractors_v07,provenance_conservative_with_source_guard,realistic_false_positive_trap,0.0625,0.0,0.0,0.2857142857142857,1.0,1.0,0.0,0.7142857142857143,7,0.0,0.0,0.0,0.25,0.0625,0.0,0.0,0.0
independent_challenge_plus_public_template_distractors_v07,provenance_conservative_with_source_guard,realistic_policy_bundle,0.08333333333333333,0.0,0.0,0.0,1.0,0.0,0.0,0.6,5,0.0,0.0,0.0,0.33333333333333337,0.16666666666666669,0.0,0.0,0.0
independent_challenge_plus_public_template_distractors_v07,provenance_conservative_with_source_guard,strong_evidence_scattered_across_documents,0.0625,0.0,0.0,0.5714285714285714,1.0,1.0,0.0,0.6785714285714286,7,0.0,0.0,0.0,0.25,0.0625,0.0,0.0,0.0
independent_challenge_plus_public_template_distractors_v07,provenance_conservative_with_source_guard,supplier_gap,0.11538461538461539,0.0,0.0,0.3,1.0,1.0,0.0,0.6,10,0.0,0.0,0.0,0.4615384615384615,0.11538461538461538,0.0,0.0,0.0
alt_generator_plus_public_template_distractors_v07,metadata_aware,audit_denial,0.11403508771929824,0.0,0.0,0.20454545454545456,1.0,1.0,0.0,0.6022727272727273,44,0.0,0.0,0.0,0.456140350877193,0.11403508771929825,0.0,0.0,0.0
alt_generator_plus_public_template_distractors_v07,metadata_aware,business_document_keyword_trap,0.08333333333333333,0.0,0.0,0.2,1.0,1.0,0.0,0.6722222222222223,45,0.0,0.0,0.0,0.33333333333333337,0.08333333333333334,0.0,0.0,0.0
alt_generator_plus_public_template_distractors_v07,metadata_aware,competing_current_records,0.12,0.0,0.0,0.2631578947368421,1.0,1.0,0.0,0.5789473684210527,38,0.0,0.0,0.0,0.4799999999999999,0.11999999999999998,0.0,0.0,0.0
alt_generator_plus_public_template_distractors_v07,metadata_aware,draft_minutes_only,0.07142857142857142,0.0,0.0,0.3611111111111111,1.0,1.0,0.0,0.7013888888888888,36,0.0,0.0,0.0,0.2857142857142857,0.07142857142857142,0.0,0.0,0.0
alt_generator_plus_public_template_distractors_v07,metadata_aware,indirect_evidence_positive,0.12727272727272726,0.0,0.0,0.2682926829268293,1.0,1.0,0.0,0.5487804878048781,41,0.0,0.0,0.0,0.5090909090909091,0.1272727272727273,0.0,0.0,0.0
alt_generator_plus_public_template_distractors_v07,metadata_aware,mixed_language_bundle,0.08,0.0,0.0,0.21428571428571427,1.0,1.0,0.0,0.6785714285714286,42,0.0,0.0,0.0,0.32,0.08,0.0,0.0,0.0
alt_generator_plus_public_template_distractors_v07,metadata_aware,operations_note_without_test,0.08771929824561403,0.0,0.0,0.2127659574468085,1.0,1.0,0.0,0.6329787234042553,47,0.0,0.0,0.0,0.3508771929824561,0.08771929824561403,0.0,0.0,0.0
alt_generator_plus_public_template_distractors_v07,metadata_aware,paragraph_bundle_positive,0.10227272727272728,0.0,0.0,0.14285714285714285,1.0,1.0,0.0,0.6428571428571429,35,0.0,0.0,0.0,0.40909090909090906,0.10227272727272727,0.0,0.0,0.0
alt_generator_plus_public_template_distractors_v07,metadata_aware,soft_management_claim,0.10227272727272728,0.0,0.0,0.5142857142857142,1.0,1.0,0.0,0.5857142857142857,35,0.0,0.0,0.0,0.40909090909090906,0.10227272727272727,0.0,0.0,0.0
alt_generator_plus_public_template_distractors_v07,metadata_aware,supplier_chain_gap,0.10638297872340426,0.0,0.0,0.16216216216216217,1.0,1.0,0.0,0.6013513513513513,37,0.0,0.0,0.0,0.4255319148936171,0.10638297872340427,0.0,0.0,0.0
alt_generator_plus_public_template_distractors_v07,provenance_balanced,audit_denial,0.11403508771929824,0.0,0.0,0.20454545454545456,1.0,1.0,0.0,0.6022727272727273,44,0.0,0.0,0.0,0.456140350877193,0.11403508771929825,0.0,0.0,0.0
alt_generator_plus_public_template_distractors_v07,provenance_balanced,business_document_keyword_trap,0.08333333333333333,0.0,0.0,0.2,1.0,1.0,0.0,0.6722222222222223,45,0.0,0.0,0.0,0.33333333333333337,0.08333333333333334,0.0,0.0,0.0
alt_generator_plus_public_template_distractors_v07,provenance_balanced,competing_current_records,0.12,0.0,0.0,0.2631578947368421,1.0,1.0,0.0,0.5789473684210527,38,0.0,0.0,0.0,0.4799999999999999,0.11999999999999998,0.0,0.0,0.0
alt_generator_plus_public_template_distractors_v07,provenance_balanced,draft_minutes_only,0.07142857142857142,0.0,0.0,0.3611111111111111,1.0,1.0,0.0,0.7013888888888888,36,0.0,0.0,0.0,0.2857142857142857,0.07142857142857142,0.0,0.0,0.0
alt_generator_plus_public_template_distractors_v07,provenance_balanced,indirect_evidence_positive,0.12727272727272726,0.0,0.0,0.2682926829268293,1.0,1.0,0.0,0.5487804878048781,41,0.0,0.0,0.0,0.5090909090909091,0.1272727272727273,0.0,0.0,0.0
alt_generator_plus_public_template_distractors_v07,provenance_balanced,mixed_language_bundle,0.08,0.0,0.0,0.21428571428571427,1.0,1.0,0.0,0.6785714285714286,42,0.0,0.0,0.0,0.32,0.08,0.0,0.0,0.0
alt_generator_plus_public_template_distractors_v07,provenance_balanced,operations_note_without_test,0.08771929824561403,0.0,0.0,0.2127659574468085,1.0,1.0,0.0,0.6329787234042553,47,0.0,0.0,0.0,0.3508771929824561,0.08771929824561403,0.0,0.0,0.0
alt_generator_plus_public_template_distractors_v07,provenance_balanced,paragraph_bundle_positive,0.10227272727272728,0.0,0.0,0.14285714285714285,1.0,1.0,0.0,0.6428571428571429,35,0.0,0.0,0.0,0.40909090909090906,0.10227272727272727,0.0,0.0,0.0
alt_generator_plus_public_template_distractors_v07,provenance_balanced,soft_management_claim,0.10227272727272728,0.0,0.0,0.5142857142857142,1.0,1.0,0.0,0.5857142857142857,35,0.0,0.0,0.0,0.40909090909090906,0.10227272727272727,0.0,0.0,0.0
alt_generator_plus_public_template_distractors_v07,provenance_balanced,supplier_chain_gap,0.10638297872340426,0.0,0.0,0.16216216216216217,1.0,1.0,0.0,0.6013513513513513,37,0.0,0.0,0.0,0.4255319148936171,0.10638297872340427,0.0,0.0,0.0
alt_generator_plus_public_template_distractors_v07,provenance_conservative,audit_denial,0.11403508771929824,0.0,0.0,0.20454545454545456,1.0,1.0,0.0,0.6022727272727273,44,0.0,0.0,0.0,0.456140350877193,0.11403508771929825,0.0,0.0,0.0
alt_generator_plus_public_template_distractors_v07,provenance_conservative,business_document_keyword_trap,0.08333333333333333,0.0,0.0,0.2,1.0,1.0,0.0,0.6722222222222223,45,0.0,0.0,0.0,0.33333333333333337,0.08333333333333334,0.0,0.0,0.0
alt_generator_plus_public_template_distractors_v07,provenance_conservative,competing_current_records,0.12,0.0,0.0,0.2631578947368421,1.0,1.0,0.0,0.5789473684210527,38,0.0,0.0,0.0,0.4799999999999999,0.11999999999999998,0.0,0.0,0.0
alt_generator_plus_public_template_distractors_v07,provenance_conservative,draft_minutes_only,0.07142857142857142,0.0,0.0,0.3611111111111111,1.0,1.0,0.0,0.7013888888888888,36,0.0,0.0,0.0,0.2857142857142857,0.07142857142857142,0.0,0.0,0.0
alt_generator_plus_public_template_distractors_v07,provenance_conservative,indirect_evidence_positive,0.12727272727272726,0.0,0.0,0.2682926829268293,1.0,1.0,0.0,0.5487804878048781,41,0.0,0.0,0.0,0.5090909090909091,0.1272727272727273,0.0,0.0,0.0
alt_generator_plus_public_template_distractors_v07,provenance_conservative,mixed_language_bundle,0.08,0.0,0.0,0.21428571428571427,1.0,1.0,0.0,0.6785714285714286,42,0.0,0.0,0.0,0.32,0.08,0.0,0.0,0.0
alt_generator_plus_public_template_distractors_v07,provenance_conservative,operations_note_without_test,0.08771929824561403,0.0,0.0,0.2127659574468085,1.0,1.0,0.0,0.6329787234042553,47,0.0,0.0,0.0,0.3508771929824561,0.08771929824561403,0.0,0.0,0.0
alt_generator_plus_public_template_distractors_v07,provenance_conservative,paragraph_bundle_positive,0.10227272727272728,0.0,0.0,0.14285714285714285,1.0,1.0,0.0,0.6428571428571429,35,0.0,0.0,0.0,0.40909090909090906,0.10227272727272727,0.0,0.0,0.0
alt_generator_plus_public_template_distractors_v07,provenance_conservative,soft_management_claim,0.10227272727272728,0.0,0.0,0.5142857142857142,1.0,1.0,0.0,0.5857142857142857,35,0.0,0.0,0.0,0.40909090909090906,0.10227272727272727,0.0,0.0,0.0
alt_generator_plus_public_template_distractors_v07,provenance_conservative,supplier_chain_gap,0.10638297872340426,0.0,0.0,0.16216216216216217,1.0,1.0,0.0,0.6013513513513513,37,0.0,0.0,0.0,0.4255319148936171,0.10638297872340427,0.0,0.0,0.0
alt_generator_plus_public_template_distractors_v07,provenance_conservative_with_source_guard,audit_denial,0.11403508771929824,0.0,0.0,0.20454545454545456,1.0,1.0,0.0,0.6022727272727273,44,0.0,0.0,0.0,0.456140350877193,0.11403508771929825,0.0,0.0,0.0
alt_generator_plus_public_template_distractors_v07,provenance_conservative_with_source_guard,business_document_keyword_trap,0.08333333333333333,0.0,0.0,0.2,1.0,1.0,0.0,0.6722222222222223,45,0.0,0.0,0.0,0.33333333333333337,0.08333333333333334,0.0,0.0,0.0
alt_generator_plus_public_template_distractors_v07,provenance_conservative_with_source_guard,competing_current_records,0.12,0.0,0.0,0.2631578947368421,1.0,1.0,0.0,0.5789473684210527,38,0.0,0.0,0.0,0.4799999999999999,0.11999999999999998,0.0,0.0,0.0
alt_generator_plus_public_template_distractors_v07,provenance_conservative_with_source_guard,draft_minutes_only,0.07142857142857142,0.0,0.0,0.3611111111111111,1.0,1.0,0.0,0.7013888888888888,36,0.0,0.0,0.0,0.2857142857142857,0.07142857142857142,0.0,0.0,0.0
alt_generator_plus_public_template_distractors_v07,provenance_conservative_with_source_guard,indirect_evidence_positive,0.12727272727272726,0.0,0.0,0.2682926829268293,1.0,1.0,0.0,0.5487804878048781,41,0.0,0.0,0.0,0.5090909090909091,0.1272727272727273,0.0,0.0,0.0
alt_generator_plus_public_template_distractors_v07,provenance_conservative_with_source_guard,mixed_language_bundle,0.08,0.0,0.0,0.21428571428571427,1.0,1.0,0.0,0.6785714285714286,42,0.0,0.0,0.0,0.32,0.08,0.0,0.0,0.0
alt_generator_plus_public_template_distractors_v07,provenance_conservative_with_source_guard,operations_note_without_test,0.08771929824561403,0.0,0.0,0.2127659574468085,1.0,1.0,0.0,0.6329787234042553,47,0.0,0.0,0.0,0.3508771929824561,0.08771929824561403,0.0,0.0,0.0
alt_generator_plus_public_template_distractors_v07,provenance_conservative_with_source_guard,paragraph_bundle_positive,0.10227272727272728,0.0,0.0,0.14285714285714285,1.0,1.0,0.0,0.6428571428571429,35,0.0,0.0,0.0,0.40909090909090906,0.10227272727272727,0.0,0.0,0.0
alt_generator_plus_public_template_distractors_v07,provenance_conservative_with_source_guard,soft_management_claim,0.10227272727272728,0.0,0.0,0.5142857142857142,1.0,1.0,0.0,0.5857142857142857,35,0.0,0.0,0.0,0.40909090909090906,0.10227272727272727,0.0,0.0,0.0
alt_generator_plus_public_template_distractors_v07,provenance_conservative_with_source_guard,supplier_chain_gap,0.10638297872340426,0.0,0.0,0.16216216216216217,1.0,1.0,0.0,0.6013513513513513,37,0.0,0.0,0.0,0.4255319148936171,0.10638297872340427,0.0,0.0,0.0
